### 查询数据

#### 基本查询

##### 查询一个表的全部数据

```SQL
SELECT * FROM students;
```

> 后面的 students 是表的名字，查那张表，就输入哪张表的表名。

终端返回

```SQL
mysql> SELECT * FROM students;
+----+------+-----+------------+----------+-------+
| id | name | age | classes_id | tel      | score |
+----+------+-----+------------+----------+-------+
|  1 | 小红 |  19 |          3 |     NULL |    88 |
|  2 | 小雨 |  19 |          3 |     NULL |    79 |
|  3 | 小何 |  19 |          3 | 55897895 |    98 |
|  4 | 小华 |  20 |          3 |     NULL |    77 |
|  5 | 小刚 |  20 |          1 |     NULL |    85 |
|  6 | 小李 |  20 |          2 |     NULL |    93 |
|  8 | 小天 |  19 |          2 |     NULL |    89 |
+----+------+-----+------------+----------+-------+
7 rows in set (0.00 sec)
```

##### 计算用途

```SQL
SELECT 100+200;
```

> SELECT 这个语句可以实现计算功能，直接在后面输入需要计算的行列即可。

终端返回

```SQL
mysql> SELECT 100+200;
+---------+
| 100+200 |
+---------+
|     300 |
+---------+
1 row in set (0.00 sec)
```

#### 条件查询

```sql
SELECT * FROM students WHERE score >= 85;
```

>通过 WHERE 关键字，可以添加条件，后面的score>=85 就是条件。 

终端返回

```SQL
mysql> SELECT * FROM students WHERE score >= 85;
+----+------+-----+------------+----------+-------+
| id | name | age | classes_id | tel      | score |
+----+------+-----+------------+----------+-------+
|  5 | 小刚 |  20 |          1 |     NULL |    85 |
|  1 | 小红 |  19 |          3 |     NULL |    88 |
|  8 | 小天 |  19 |          2 |     NULL |    89 |
|  6 | 小李 |  20 |          2 |     NULL |    93 |
|  3 | 小何 |  19 |          3 | 55897895 |    98 |
+----+------+-----+------------+----------+-------+
5 rows in set (0.00 sec)
```

##### 多个条件查询

```SQL
SELECT * FROM students WHERE score >= 85 AND age = 19;
SELECT * FROM students WHERE score >= 85 OR age = 19;
SELECT * FROM students WHERE (score >= 85 OR age = 19) AND NOT classes_id = 3;
```

> 通过 AND/OR/NOT 关键字，可以继续添加查询条件。
>
> 另外 NOT 关键字不常用，因为可以用 <> 或者 != 代替，NOT classes_id = 3 等价 classes_id <> 3 等价 classes_id != 3。
>
> 执行优先级，NOT -- AND -- OR ，有括号优先执行括号内部运算；

终端返回

```SQL
mysql> SELECT * FROM students WHERE score >= 85 AND age = 19;
+----+------+-----+------------+----------+-------+
| id | name | age | classes_id | tel      | score |
+----+------+-----+------------+----------+-------+
|  1 | 小红 |  19 |          3 |     NULL |    88 |
|  8 | 小天 |  19 |          2 |     NULL |    89 |
|  3 | 小何 |  19 |          3 | 55897895 |    98 |
+----+------+-----+------------+----------+-------+
3 rows in set (0.00 sec)
```

```SQL
mysql> SELECT * FROM students WHERE score >= 85 OR age = 19;
+----+------+-----+------------+----------+-------+
| id | name | age | classes_id | tel      | score |
+----+------+-----+------------+----------+-------+
|  1 | 小红 |  19 |          3 |     NULL |    88 |
|  2 | 小雨 |  19 |          3 |     NULL |    79 |
|  3 | 小何 |  19 |          3 | 55897895 |    98 |
|  5 | 小刚 |  20 |          1 |     NULL |    85 |
|  6 | 小李 |  20 |          2 |     NULL |    93 |
|  8 | 小天 |  19 |          2 |     NULL |    89 |
+----+------+-----+------------+----------+-------+
6 rows in set (0.00 sec)
```

```SQL
mysql> SELECT * FROM students WHERE (score >= 85 OR age = 19) AND NOT classes_id = 3;
+----+------+-----+------------+------+-------+
| id | name | age | classes_id | tel  | score |
+----+------+-----+------------+------+-------+
|  5 | 小刚 |  20 |          1 | NULL |    85 |
|  6 | 小李 |  20 |          2 | NULL |    93 |
|  8 | 小天 |  19 |          2 | NULL |    89 |
+----+------+-----+------------+------+-------+
3 rows in set (0.00 sec)
```

##### 常用条件表达式

| 条件                 | 举例1           | 举例2            | 说明                                              |
| -------------------- | --------------- | ---------------- | ------------------------------------------------- |
| 使用=判断相等        | score = 80      | name = 'abc'     | 字符串需要用单引号括起来                          |
| 使用>判断大于        | score > 80      | name > 'abc'     | 字符串比较根据ASCII码，中文字符比较根据数据库设置 |
| 使用>=判断大于或相等 | score >= 80     | name >= 'abc'    |                                                   |
| 使用<判断小于        | score < 80      | name <= 'abc'    |                                                   |
| 使用<=判断小于或相等 | score <= 80     | name <= 'abc'    |                                                   |
| 使用<>判断不相等     | score <> 80     | name <> 'abc'    |                                                   |
| 使用LIKE判断相似     | name LIKE 'ab%' | name LIKE '%bc%' | %表示任意字符，例如'ab%'将匹配'ab'，'abc'，'abcd' |

#### 投影查询

```SQL
SELECT id,name,age FROM students;
```

> 通过把 SELECT 后面的 * 替换为表中的字段，可以只返回替换字段的数据。

终端返回

```SQL
mysql> SELECT id,name,age FROM students;
+----+------+-----+
| id | name | age |
+----+------+-----+
|  1 | 小红 |  19 |
|  2 | 小雨 |  19 |
|  3 | 小何 |  19 |
|  4 | 小华 |  20 |
|  5 | 小刚 |  20 |
|  6 | 小李 |  20 |
|  8 | 小天 |  19 |
+----+------+-----+
7 rows in set (0.00 sec)
```

##### 将列重新命名

```SQL
SELECT id,name AS xingming ,age FROM students;
SELECT *,name AS xingming  FROM students;
```

>在投影查询的基础之上，通过 字段 AS 字段 的形式，查询结果中那个字段就会重新命名。
>
>其实AS也可以省略，但是如果要是想重新命名查询结果，则AS不可省略。
>
>投影查询也可以通过 WHERE 添加条件，规则与条件查询相同。

终端返回

```SQL
+----+----------+-----+
| id | xingming | age |
+----+----------+-----+
|  1 | 小红     |  19 |
|  2 | 小雨     |  19 |
|  3 | 小何     |  19 |
|  4 | 小华     |  20 |
|  5 | 小刚     |  20 |
|  6 | 小李     |  20 |
|  8 | 小天     |  19 |
+----+----------+-----+
7 rows in set (0.00 sec)
```

```SQL
+----+--------+-----+------------+----------+-------+----------+
| id | name   | age | classes_id | tel      | score | xingming |
+----+--------+-----+------------+----------+-------+----------+
|  1 | 小红   |  19 |          3 |     NULL |    88 | 小红     |
|  2 | 小雨   |  19 |          3 |     NULL |    79 | 小雨     |
|  3 | 小何   |  19 |          3 | 55897895 |    98 | 小何     |
|  4 | 小华   |  20 |          3 |     NULL |    77 | 小华     |
|  5 | 小刚   |  20 |          1 |     NULL |    85 | 小刚     |
|  6 | 小李   |  20 |          2 |     NULL |    93 | 小李     |
|  8 | 小天   |  19 |          2 |     NULL |    89 | 小天     |
+----+--------+-----+------------+----------+-------+----------+
7 rows in set (0.00 sec)
```

#### 排序

```SQL
SELECT * FROM students ORDER BY score ASC;
SELECT * FROM students ORDER BY score DESC;
```

>通过 ORDER BY 字句，查询的结果，根据score数值倒排，ASC可以省略；
>
>加上DESC，能倒序，从而显示从大到小的结果。

终端返回

```sql
+----+------+-----+------------+----------+-------+
| id | name | age | classes_id | tel      | score |
+----+------+-----+------------+----------+-------+
|  4 | 小华 |  20 |          3 |     NULL |    77 |
|  2 | 小雨 |  19 |          3 |     NULL |    79 |
|  5 | 小刚 |  20 |          1 |     NULL |    85 |
|  1 | 小红 |  19 |          3 |     NULL |    88 |
|  8 | 小天 |  19 |          2 |     NULL |    89 |
|  6 | 小李 |  20 |          2 |     NULL |    93 |
|  3 | 小何 |  19 |          3 | 55897895 |    98 |
+----+------+-----+------------+----------+-------+
7 rows in set (0.05 sec)
```

```SQL
+----+------+-----+------------+----------+-------+
| id | name | age | classes_id | tel      | score |
+----+------+-----+------------+----------+-------+
|  3 | 小何 |  19 |          3 | 55897895 |    98 |
|  6 | 小李 |  20 |          2 |     NULL |    93 |
|  8 | 小天 |  19 |          2 |     NULL |    89 |
|  1 | 小红 |  19 |          3 |     NULL |    88 |
|  5 | 小刚 |  20 |          1 |     NULL |    85 |
|  2 | 小雨 |  19 |          3 |     NULL |    79 |
|  4 | 小华 |  20 |          3 |     NULL |    77 |
+----+------+-----+------------+----------+-------+
7 rows in set (0.00 sec)
```

##### 多个排序条件

```sql
SELECT * FROM students ORDER BY score DESC, age;
SELECT * FROM students WHERE classes_id = 2 ORDER BY score;
```

> 当score 值出现相同时，通过继续添加字段，可一将值相同的行根据添加字段排序；
>
> 如果ORDER BY 要放在 WHERE 的后面。

#### 分页查询 

```SQL
SELECT * FROM students ORDER BY score DESC, age
LIMIT 3 OFFSET 0;
SELECT * FROM students ORDER BY score DESC, age
LIMIT 3 OFFSET 3;
```

> LIMIT 3 OFFSET 0 将查询到的数据，以每页3条记录的形式显示，显示第0条数据开始，显示的是第1页，PS ：SQL记录从0开始。
>
> LIMIT 3 OFFSET 3 那就是从第3条数据开始，显示的是第2页。

终端返回

```SQL
+----+------+-----+------------+----------+-------+
| id | name | age | classes_id | tel      | score |
+----+------+-----+------------+----------+-------+
|  3 | 小何 |  19 |          3 | 55897895 |    98 |
|  6 | 小李 |  20 |          2 |     NULL |    93 |
|  8 | 小天 |  19 |          2 |     NULL |    89 |
+----+------+-----+------------+----------+-------+
3 rows in set (0.00 sec)
```

```SQL
+----+------+-----+------------+------+-------+
| id | name | age | classes_id | tel  | score |
+----+------+-----+------------+------+-------+
|  1 | 小红 |  19 |          3 | NULL |    88 |
|  5 | 小刚 |  20 |          1 | NULL |    85 |
|  2 | 小雨 |  19 |          3 | NULL |    79 |
+----+------+-----+------------+------+-------+
3 rows in set (0.00 sec)
```

##### Mysql专用的分页写法

```SQL
SELECT * FROM students ORDER BY score DESC, age
LIMIT 3,6 ;
```

> 等价：
>
> SELECT * FROM students ORDER BY score DESC, age
> LIMIT 3 OFFSET 6;

#### 聚合查询 

```sql
SELECT COUNT(*) FROM students;
SELECT COUNT(tel) FROM students;
SELECT COUNT(*) num FROM students;
SELECT COUNT(*) num FROM students WHERE age = 19;
```

> 通过COUNT 字段，可以输出查询结果的记录数。
>
> 可以把 * 替换为 其他字段，统计该字段的记录数。
>
> 应该给统计记录其一个别名，通过在（字段）名字 来实现；
>
> 同样可以加 WHERE 添加查询条件； 

终端返回

```SQL
+----------+
| COUNT(*) |
+----------+
|        7 |
+----------+
1 row in set (0.01 sec)
```

```SQL
+------------+
| COUNT(tel) |
+------------+
|          1 |
+------------+
1 row in set (0.00 sec)
```

```SQL
+-----+
| num |
+-----+
|   7 |
+-----+
1 row in set (0.00 sec)
```

```SQL
+-----+
| num |
+-----+
|   4 |
+-----+
1 row in set (0.01 sec)
```

##### 其他的聚合函数

| 函数 | 说明                                      |
| ---- | ----------------------------------------- |
| SUM  | 计算某一列的合计值，必须为数值类型，如INT |
| AVG  | 计算某一列的平均值，必须为数值类型，如INT |
| MAX  | 计算某一列最大值                          |
| MIN  | 计算某一列最小值                          |

举例

```SQL
SELECT SUM(age) FROM students WHERE classes_id in (1,2);
```

##### 分组聚合

```SQL
SELECT COUNT(*) num FROM students GROUP BY classes_id;
SELECT classes_id,COUNT(*) num FROM students GROUP BY classes_id;
SELECT classes_id, gender,COUNT(*) num FROM students GROUP BY classes_id,gender;
```

>通过 GROUP BY  字段，可以将统计数量以字段的形式分组。
>
>同时查询该字段，可以显示每个字段的数量，便于阅读。
>
>也可同时进行多个分组；

终端返回

```sql
+------------+-----+
| classes_id | num |
+------------+-----+
|          1 |   1 |
|          2 |   2 |
|          3 |   4 |
+------------+-----+
3 rows in set (0.00 sec)
```

#### 多表查询 （笛卡尔查询）

```SQL
SELECT * FROM students,classes,users；
```

> 通过查看多张表的乘积 ，从而查看多张表的数据

```SQL
SELECT
*,
s.id AS sid,
s.name AS sname
FROM
students S,classes;
```

>先通过students s把students表改名为 s ，然后通过 s.id AS sid 把 s表中的 id字段 改名为 sid
>
>避免了查询结果中多张表字段重复的问题。

终端返回

```SQL
+----+------+-----+------------+----------+-------+----+------+-----+-------+
| id | name | age | classes_id | tel      | score | id | name | sid | sname |
+----+------+-----+------------+----------+-------+----+------+-----+-------+
|  1 | 小红 |  19 |          3 |     NULL |    88 |  3 | 三班 |   1 | 小红  |
|  1 | 小红 |  19 |          3 |     NULL |    88 |  2 | 二班 |   1 | 小红  |
|  1 | 小红 |  19 |          3 |     NULL |    88 |  1 | 一班 |   1 | 小红  |
|  2 | 小雨 |  19 |          3 |     NULL |    79 |  3 | 三班 |   2 | 小雨  |
|  2 | 小雨 |  19 |          3 |     NULL |    79 |  2 | 二班 |   2 | 小雨  |
|  2 | 小雨 |  19 |          3 |     NULL |    79 |  1 | 一班 |   2 | 小雨  |
|  3 | 小何 |  19 |          3 | 55897895 |    98 |  3 | 三班 |   3 | 小何  |
|  3 | 小何 |  19 |          3 | 55897895 |    98 |  2 | 二班 |   3 | 小何  |
|  3 | 小何 |  19 |          3 | 55897895 |    98 |  1 | 一班 |   3 | 小何  |
|  4 | 小华 |  20 |          3 |     NULL |    77 |  3 | 三班 |   4 | 小华  |
|  4 | 小华 |  20 |          3 |     NULL |    77 |  2 | 二班 |   4 | 小华  |
|  4 | 小华 |  20 |          3 |     NULL |    77 |  1 | 一班 |   4 | 小华  |
|  5 | 小刚 |  20 |          1 |     NULL |    85 |  3 | 三班 |   5 | 小刚  |
|  5 | 小刚 |  20 |          1 |     NULL |    85 |  2 | 二班 |   5 | 小刚  |
|  5 | 小刚 |  20 |          1 |     NULL |    85 |  1 | 一班 |   5 | 小刚  |
|  6 | 小李 |  20 |          2 |     NULL |    93 |  3 | 三班 |   6 | 小李  |
|  6 | 小李 |  20 |          2 |     NULL |    93 |  2 | 二班 |   6 | 小李  |
|  6 | 小李 |  20 |          2 |     NULL |    93 |  1 | 一班 |   6 | 小李  |
|  8 | 小天 |  19 |          2 |     NULL |    89 |  3 | 三班 |   8 | 小天  |
|  8 | 小天 |  19 |          2 |     NULL |    89 |  2 | 二班 |   8 | 小天  |
|  8 | 小天 |  19 |          2 |     NULL |    89 |  1 | 一班 |   8 | 小天  |
+----+------+-----+------------+----------+-------+----+------+-----+-------+
21 rows in set (0.00 sec)
```

#### 连接查询 

##### 内连接查询

```SQL
SELECT s.id , s.name , s.classes_id , s.score , c.name classes_name
FROM students s
INNER JOIN classes c
ON s.classes_id = c.id;
```

> 笛卡尔查询一般不常用，查询结果不太好，因为直接乘积，会出现很多不需要的数据
>
> 通过 INNER JOIN 可以实现 连接查询  INNER JOIN 后面为需要连接的表
>
> ON 是 INNER JOIN 的 连接条件， 把 students 表 中 classes_id 与 classes 表中 数值 相同的行连接
>
> 也可以加 ORDER BY 和 WHERE 

终端返回

```sql
+----+------+------------+-------+--------------+
| id | name | classes_id | score | classes_name |
+----+------+------------+-------+--------------+
|  1 | 小红 |          3 |    88 | 三班         |
|  2 | 小雨 |          3 |    79 | 三班         |
|  3 | 小何 |          3 |    98 | 三班         |
|  4 | 小华 |          3 |    77 | 三班         |
|  5 | 小刚 |          1 |    85 | 一班         |
|  6 | 小李 |          2 |    93 | 二班         |
|  8 | 小天 |          2 |    89 | 二班         |
+----+------+------------+-------+--------------+
7 rows in set (0.00 sec)
```

##### 外连接查询

连接语句的区别

| 语句             | 说明                                                         |
| ---------------- | ------------------------------------------------------------ |
| INNER JOIN       | 查询结果显示两个字段都有的行的记录                           |
| RIGHT OUTER JOIN | 查询结果显示两个字段都有的行的记录，此外显示连接表仅有的行，用NULL 填充 |
| LEFT OUTER JOIN  | 查询结果显示两个字段都有的行的记录，此外显示被连接表仅有的行，用NULL 填充 |
| FULL OUTER JOIN  | 展示全部记录，用NULL 填充                                    |

```sql
SELECT s.id , s.name , s.classes_id , s.score , c.name classes_name
FROM students s
RIGHT OUTER JOIN classes c
ON s.classes_id = c.id;
```

> RIGHT OUTER JOIN 举例 

```sql
+------+------+------------+-------+--------------+
| id   | name | classes_id | score | classes_name |
+------+------+------------+-------+--------------+
|    5 | 小刚 |          1 |    85 | 一班         |
|    8 | 小天 |          2 |    89 | 二班         |
|    6 | 小李 |          2 |    93 | 二班         |
|    4 | 小华 |          3 |    77 | 三班         |
|    3 | 小何 |          3 |    98 | 三班         |
|    2 | 小雨 |          3 |    79 | 三班         |
|    1 | 小红 |          3 |    88 | 三班         |
| NULL | NULL |       NULL |  NULL | 四班         |
+------+------+------------+-------+--------------+
```

